[
  {
    "credentials": {
      "username": "rminkov",
      "password": "alana"
    },
    "characters": {
      "WARRIOR": {
        "level": 1,
        "stats": {
          "maxHealth": 100,
          "currentHealth": 100,
          "maxMana": 100,
          "currentMana": 100,
          "attack": 50,
          "defence": 50
        },
        "name": "warrior",
        "inventory": {
          "inventory": [],
          "capacity": 10
        },
        "activeWeapon": {
          "upgradePercent": 0.2,
          "level": 1,
          "attack": 40.0,
          "name": "Celestial Edge"
        },
        "position": {
          "row": 2,
          "column": 4
        },
        "isAlive": true,
        "experience": 0,
        "neededExperience": 100
      }
    }
  },
  {
    "credentials": {
      "username": "brother",
      "password": "bratcheto"
    },
    "characters": {
      "WARRIOR": {
        "level": 1,
        "stats": {
          "maxHealth": 100,
          "currentHealth": 100,
          "maxMana": 100,
          "currentMana": 100,
          "attack": 50,
          "defence": 50
        },
        "name": "warrior",
        "inventory": {
          "inventory": [],
          "capacity": 10
        },
        "activeWeapon": {
          "upgradePercent": 0.2,
          "level": 1,
          "attack": 40.0,
          "name": "Celestial Edge"
        },
        "position": {
          "row": 2,
          "column": 3
        },
        "isAlive": true,
        "experience": 0,
        "neededExperience": 100
      }
    }
  },
  {
    "credentials": {
      "username": "MyPrecious",
      "password": "zarata"
    },
    "characters": {
      "WARRIOR": {
        "level": 1,
        "stats": {
          "maxHealth": 100,
          "currentHealth": 100,
          "maxMana": 100,
          "currentMana": 100,
          "attack": 50,
          "defence": 50
        },
        "name": "warrior",
        "inventory": {
          "inventory": [],
          "capacity": 10
        },
        "activeWeapon": {
          "upgradePercent": 0.2,
          "level": 1,
          "attack": 40.0,
          "name": "Celestial Edge"
        },
        "position": {
          "row": 2,
          "column": 3
        },
        "isAlive": true,
        "experience": 0,
        "neededExperience": 100
      }
    }
  }
]